Model,Accuracy,Precision,Recall,F1-Score,ROC-AUC
LogisticRegression,0.619,0.620754716981132,0.6463654223968566,0.6333012512030799,0.671945710410173
RandomForest,0.572,0.5808383233532934,0.5717092337917485,0.5762376237623762,0.6078229346308204
GradientBoosting,0.609,0.6113207547169811,0.6365422396856582,0.6236766121270453,0.6545440722794185
SVM,0.624,0.6233766233766234,0.6601178781925344,0.6412213740458015,0.6551742764655749
